                  epoch,         train/box_loss,         train/cls_loss,         train/dfl_loss,   metrics/precision(B),      metrics/recall(B),       metrics/mAP50(B),    metrics/mAP50-95(B),           val/box_loss,           val/cls_loss,           val/dfl_loss,                 lr/pg0,                 lr/pg1,                 lr/pg2
                      1,                 2.8608,                 2.5378,                0.90894,                0.63566,                0.09495,                0.09246,                0.02889,                 2.8548,                 1.6637,                0.84823,             0.00041441,             0.00041441,             0.00041441
                      2,                  2.698,                 1.5679,                0.85125,                0.64122,                0.10376,                0.10482,                0.03245,                 2.8086,                 1.5126,                0.84657,              0.0007488,              0.0007488,              0.0007488
                      3,                 2.5927,                 1.4405,                0.83965,                0.70389,                0.12073,                0.11593,                0.03648,                 2.6976,                 1.4617,                0.82224,              0.0010007,              0.0010007,              0.0010007
                      4,                 2.4595,                 1.3513,                 0.8349,                0.65207,                0.13854,                0.13639,                0.04556,                 2.4935,                 1.3558,                0.81978,             0.00087875,             0.00087875,             0.00087875
                      5,                 2.3635,                  1.307,                0.82482,                 0.7458,                0.16423,                0.15763,                0.05502,                 2.4748,                 1.3237,                 0.8121,               0.000755,               0.000755,               0.000755
